{
    "id": "dark-sun-calendar",
    "title": "Dark Sun Calendar",
    "description": "Complete Athasian calendar system with King's Ages, lunar cycles, and historical events for the Dark Sun campaign setting",
    "authors": [
        {
            "name": "Dark Sun Calendar",
            "email": "callbritton@mac.com"
        }
    ],
    "version": "2.1.0",
    "compatibility": {
        "minimum": "13",
        "maximum": "13"
    },
    "esmodules": [
        "scripts/athasian-calendar-core.js",
        "scripts/athasian-moon-engine.js",
        "scripts/athasian-eclipse-engine.js",
        "scripts/dark-sun-calendar.js",
        "scripts/seasons-stars-integration.js",
        "scripts/dark-sun-calendar-app.js",
        "scripts/foundry-integration.js"
    ],
    "styles": [
        "styles/dark-sun-calendar.css"
    ],
    "languages": [
        {
            "lang": "en",
            "name": "English",
            "path": "lang/en.json"
        }
    ],
    "url": "https://github.com/ctbritt/dark-sun-calendar",
    "manifest": "https://github.com/ctbritt/dark-sun-calendar/releases/download/v2.1.0/module.json",
    "download": "https://github.com/ctbritt/dark-sun-calendar/releases/download/v2.1.0/module.zip",
    "relationships": {
        "requires": [
            {
                "id": "seasons-and-stars",
                "type": "module",
                "compatibility": {}
            }
        ]
    }
}